{
    "admin": {
        "realm": "master"
    },

    "eventsStore": {
        "provider": "jpa",
        "jpa": {
            "exclude-events": [ "REFRESH_TOKEN" ]
        }
    },

    "realm": {
        "provider": "jpa"
    },

    "user": {
        "provider": "${keycloak.user.provider:jpa}"
    },

    "userSessions": {
        "provider" : "${keycloak.userSessions.provider:mem}"
    },

    "realmCache": {
        "provider": "${keycloak.realm.cache.provider:mem}"
    },

    "userCache": {
        "provider": "${keycloak.user.cache.provider:mem}",
        "mem": {
            "maxSize": 20000
        }
    },

    "timer": {
        "provider": "basic"
    },

    "theme": {
        "default": "keycloak",
        "staticMaxAge": 2592000,
        "cacheTemplates": true,
        "cacheThemes": true,
        "folder": {
          "dir": "${jboss.server.config.dir}/themes"
        }
    },

    "login": {
        "provider": "freemarker"
    },

    "account": {
        "provider": "freemarker"
    },

    "email": {
        "provider": "freemarker"
    },

    "scheduled": {
        "interval": 900
    },

    "connectionsJpa": {
        "default": {
            "dataSource": "java:jboss/datasources/KeycloakDS",
            "databaseSchema": "update"
        }
    }
}